baseline_id,building_name ,vintage_name ,year,measure_id ,Percent of Total Base Area,GHG Savings tonnes,GHG Savings %,,,,,,,,,,,,,,,,,,,,,,,,,,,
1,Barracks,1959-pre,2015,air_temp_reset_enabled,0.086709848,-46.43,,,,,,,,,,,,,,,,,,,,,,,,,,,,
1,Barracks,1959-pre,2015,baseline,0.086709848,0.00,,,,,,,,,,,,,,,,,,,,,,,,,,,,
1,Barracks,1959-pre,2015,boiler_eff_upgrade,0.086709848,-2.32,,,,,,,,,,,,,,,,,,,,,,,,,,,,
1,Barracks,1959-pre,2015,boiler_reset,0.086709848,144.30,,,,,,,,,,,,,,,,,,,,,,,,,,,,
1,Barracks,1959-pre,2015,cooling_cop_3_0,0.086709848,2.25,,,,,,,,,,,,,,,,,,,,,,,,,,,,
1,Barracks,1959-pre,2015,dcv_enabled,0.086709848,5.25,,,,,,,,,,,,,,,,,,,,,,,,,,,,
1,Barracks,1959-pre,2015,ecm_cold_deck_reset_control,0.086709848,-19.16,,,,,,,,,,,,,,,,,,,,,,,,,,,,
1,Barracks,1959-pre,2015,economizers_enabled,0.086709848,1.51,,,,,,,,,,,,,,,,,,,,,,,,,,,,
1,Barracks,1959-pre,2015,elec_reduce,0.086709848,58.54,,,,,,,,,,,,,,,,,,,,,,,,,,,,
1,Barracks,1959-pre,2015,envelope_ecm_roof,0.086709848,-0.35,,,,,,,,,,,,,,,,,,,,,,,,,,,,
1,Barracks,1959-pre,2015,envelope_ecm_wall,0.086709848,14.74,,,,,,,,,,,,,,,,,,,,,,,,,,,,
1,Barracks,1959-pre,2015,envelope_ecm_windows,0.086709848,28.20,,,,,,,,,,,,,,,,,,,,,,,,,,,,
1,Barracks,1959-pre,2015,fans_to_variable,0.086709848,-1.76,,,,,,,,,,,,,,,,,,,,,,,,,,,,
1,Barracks,1959-pre,2015,hrv_enabled,0.086709848,-9.61,,,,,,,,,,,,,,,,,,,,,,,,,,,,
1,Barracks,1959-pre,2015,infil_reduce,0.086709848,154.90,,,,,,,,,,,,,,,,,,,,,,,,,,,,
1,Barracks,1959-pre,2015,infil_reduce_plus_setback,0.086709848,184.36,,,,,,,,,,,,,,,,,,,,,,,,,,,,
1,Barracks,1959-pre,2015,lights_reduce_70p,0.086709848,37.55,,,,,,,,,,,,,,,,,,,,,,,,,,,,
1,Barracks,1959-pre,2015,load_reduce,0.086709848,248.14,,,,,,,,,,,,,,,,,,,,,,,,,,,,
1,Barracks,1959-pre,2015,occupancy_setback,0.086709848,1.04,,,,,,,,,,,,,,,,,,,,,,,,,,,,
1,Barracks,1959-pre,2015,payback_less_than_20,0.086709848,281.61,,,,,,,,,,,,,,,,,,,,,,,,,,,,
1,Barracks,1959-pre,2015,plug_loads_90_percent,0.086709848,-2.51,,,,,,,,,,,,,,,,,,,,,,,,,,,,
1,Barracks,1959-pre,2015,pump_fan_eff_,0.086709848,10.73,,,,,,,,,,,,,,,,,,,,,,,,,,,,
2,Fire Hall,1959-pre,2015,air_temp_reset_enabled,0.005569791,-0.34,,,,,,,,,,,,,,,,,,,,,,,,,,,,
2,Fire Hall,1959-pre,2015,baseline,0.005569791,0.00,,,,,,,,,,,,,,,,,,,,,,,,,,,,
2,Fire Hall,1959-pre,2015,boiler_eff_upgrade,0.005569791,1.37,,,,,,,,,,,,,,,,,,,,,,,,,,,,
2,Fire Hall,1959-pre,2015,boiler_reset,0.005569791,29.16,,,,,,,,,,,,,,,,,,,,,,,,,,,,
2,Fire Hall,1959-pre,2015,cooling_cop_3_0,0.005569791,1.79,,,,,,,,,,,,,,,,,,,,,,,,,,,,
2,Fire Hall,1959-pre,2015,dcv_enabled,0.005569791,1.37,,,,,,,,,,,,,,,,,,,,,,,,,,,,
2,Fire Hall,1959-pre,2015,ecm_cold_deck_reset_control,0.005569791,11.64,,,,,,,,,,,,,,,,,,,,,,,,,,,,
2,Fire Hall,1959-pre,2015,economizers_enabled,0.005569791,1.93,,,,,,,,,,,,,,,,,,,,,,,,,,,,
2,Fire Hall,1959-pre,2015,elec_reduce,0.005569791,24.51,,,,,,,,,,,,,,,,,,,,,,,,,,,,
2,Fire Hall,1959-pre,2015,envelope_ecm_roof,0.005569791,3.42,,,,,,,,,,,,,,,,,,,,,,,,,,,,
2,Fire Hall,1959-pre,2015,envelope_ecm_wall,0.005569791,4.87,,,,,,,,,,,,,,,,,,,,,,,,,,,,
2,Fire Hall,1959-pre,2015,envelope_ecm_windows,0.005569791,4.08,,,,,,,,,,,,,,,,,,,,,,,,,,,,
2,Fire Hall,1959-pre,2015,fans_to_variable,0.005569791,1.46,,,,,,,,,,,,,,,,,,,,,,,,,,,,
2,Fire Hall,1959-pre,2015,hrv_enabled,0.005569791,10.16,,,,,,,,,,,,,,,,,,,,,,,,,,,,
2,Fire Hall,1959-pre,2015,infil_reduce,0.005569791,74.91,,,,,,,,,,,,,,,,,,,,,,,,,,,,
2,Fire Hall,1959-pre,2015,infil_reduce_plus_setback,0.005569791,63.87,,,,,,,,,,,,,,,,,,,,,,,,,,,,
2,Fire Hall,1959-pre,2015,lights_reduce_70p,0.005569791,21.35,,,,,,,,,,,,,,,,,,,,,,,,,,,,
2,Fire Hall,1959-pre,2015,load_reduce,0.005569791,79.21,,,,,,,,,,,,,,,,,,,,,,,,,,,,
2,Fire Hall,1959-pre,2015,occupancy_setback,0.005569791,-21.47,,,,,,,,,,,,,,,,,,,,,,,,,,,,
2,Fire Hall,1959-pre,2015,payback_less_than_20,0.005569791,111.52,,,,,,,,,,,,,,,,,,,,,,,,,,,,
2,Fire Hall,1959-pre,2015,plug_loads_90_percent,0.005569791,1.27,,,,,,,,,,,,,,,,,,,,,,,,,,,,
2,Fire Hall,1959-pre,2015,pump_fan_eff_,0.005569791,4.57,,,,,,,,,,,,,,,,,,,,,,,,,,,,
3,Food Service,1959-pre,2015,air_temp_reset_enabled,0.043262022,-100.21,,,,,,,,,,,,,,,,,,,,,,,,,,,,
3,Food Service,1959-pre,2015,baseline,0.043262022,0.00,,,,,,,,,,,,,,,,,,,,,,,,,,,,
3,Food Service,1959-pre,2015,boiler_eff_upgrade,0.043262022,2.30,,,,,,,,,,,,,,,,,,,,,,,,,,,,
3,Food Service,1959-pre,2015,boiler_reset,0.043262022,275.28,,,,,,,,,,,,,,,,,,,,,,,,,,,,
3,Food Service,1959-pre,2015,cooling_cop_3_0,0.043262022,10.79,,,,,,,,,,,,,,,,,,,,,,,,,,,,
3,Food Service,1959-pre,2015,dcv_enabled,0.043262022,259.09,,,,,,,,,,,,,,,,,,,,,,,,,,,,
3,Food Service,1959-pre,2015,ecm_cold_deck_reset_control,0.043262022,22.62,,,,,,,,,,,,,,,,,,,,,,,,,,,,
3,Food Service,1959-pre,2015,economizers_enabled,0.043262022,5.15,,,,,,,,,,,,,,,,,,,,,,,,,,,,
3,Food Service,1959-pre,2015,elec_reduce,0.043262022,510.72,,,,,,,,,,,,,,,,,,,,,,,,,,,,
3,Food Service,1959-pre,2015,envelope_ecm_roof,0.043262022,45.22,,,,,,,,,,,,,,,,,,,,,,,,,,,,
3,Food Service,1959-pre,2015,envelope_ecm_wall,0.043262022,20.17,,,,,,,,,,,,,,,,,,,,,,,,,,,,
3,Food Service,1959-pre,2015,envelope_ecm_windows,0.043262022,43.08,,,,,,,,,,,,,,,,,,,,,,,,,,,,
3,Food Service,1959-pre,2015,exhaust_fans_occ_control,0.043262022,87.69,,,,,,,,,,,,,,,,,,,,,,,,,,,,
3,Food Service,1959-pre,2015,fans_to_variable,0.043262022,3.36,,,,,,,,,,,,,,,,,,,,,,,,,,,,
3,Food Service,1959-pre,2015,hrv_enabled,0.043262022,277.28,,,,,,,,,,,,,,,,,,,,,,,,,,,,
3,Food Service,1959-pre,2015,infil_reduce,0.043262022,474.52,,,,,,,,,,,,,,,,,,,,,,,,,,,,
3,Food Service,1959-pre,2015,infil_reduce_plus_setback,0.043262022,539.54,,,,,,,,,,,,,,,,,,,,,,,,,,,,
3,Food Service,1959-pre,2015,lights_reduce_70p,0.043262022,138.29,,,,,,,,,,,,,,,,,,,,,,,,,,,,
3,Food Service,1959-pre,2015,load_reduce,0.043262022,692.12,,,,,,,,,,,,,,,,,,,,,,,,,,,,
3,Food Service,1959-pre,2015,occupancy_setback,0.043262022,47.30,,,,,,,,,,,,,,,,,,,,,,,,,,,,
3,Food Service,1959-pre,2015,payback_less_than_20,0.043262022,1066.53,,,,,,,,,,,,,,,,,,,,,,,,,,,,
3,Food Service,1959-pre,2015,plug_loads_90_percent,0.043262022,2.02,,,,,,,,,,,,,,,,,,,,,,,,,,,,
3,Food Service,1959-pre,2015,pump_fan_eff_,0.043262022,24.63,,,,,,,,,,,,,,,,,,,,,,,,,,,,
4,Food Service,2005-2014,2015,air_temp_reset_enabled,0,0.00,,,,,,,,,,,,,,,,,,,,,,,,,,,,
4,Food Service,2005-2014,2015,baseline,0,0.00,,,,,,,,,,,,,,,,,,,,,,,,,,,,
4,Food Service,2005-2014,2015,boiler_eff_upgrade,0,0.00,,,,,,,,,,,,,,,,,,,,,,,,,,,,
4,Food Service,2005-2014,2015,boiler_reset,0,0.00,,,,,,,,,,,,,,,,,,,,,,,,,,,,
4,Food Service,2005-2014,2015,cooling_cop_3_0,0,0.00,,,,,,,,,,,,,,,,,,,,,,,,,,,,
4,Food Service,2005-2014,2015,dcv_enabled,0,0.00,,,,,,,,,,,,,,,,,,,,,,,,,,,,
4,Food Service,2005-2014,2015,ecm_cold_deck_reset_control,0,0.00,,,,,,,,,,,,,,,,,,,,,,,,,,,,
4,Food Service,2005-2014,2015,economizers_enabled,0,0.00,,,,,,,,,,,,,,,,,,,,,,,,,,,,
4,Food Service,2005-2014,2015,elec_reduce,0,0.00,,,,,,,,,,,,,,,,,,,,,,,,,,,,
4,Food Service,2005-2014,2015,envelope_ecm_roof,0,0.00,,,,,,,,,,,,,,,,,,,,,,,,,,,,
4,Food Service,2005-2014,2015,envelope_ecm_wall,0,0.00,,,,,,,,,,,,,,,,,,,,,,,,,,,,
4,Food Service,2005-2014,2015,envelope_ecm_windows,0,0.00,,,,,,,,,,,,,,,,,,,,,,,,,,,,
4,Food Service,2005-2014,2015,exhaust_fans_occ_control,0,0.00,,,,,,,,,,,,,,,,,,,,,,,,,,,,
4,Food Service,2005-2014,2015,fans_to_variable,0,0.00,,,,,,,,,,,,,,,,,,,,,,,,,,,,
4,Food Service,2005-2014,2015,hrv_enabled,0,0.00,,,,,,,,,,,,,,,,,,,,,,,,,,,,
4,Food Service,2005-2014,2015,lights_reduce_70p,0,0.00,,,,,,,,,,,,,,,,,,,,,,,,,,,,
4,Food Service,2005-2014,2015,load_reduce,0,0.00,,,,,,,,,,,,,,,,,,,,,,,,,,,,
4,Food Service,2005-2014,2015,occupancy_setback,0,0.00,,,,,,,,,,,,,,,,,,,,,,,,,,,,
4,Food Service,2005-2014,2015,payback_less_than_20,0,0.00,,,,,,,,,,,,,,,,,,,,,,,,,,,,
4,Food Service,2005-2014,2015,plug_loads_90_percent,0,0.00,,,,,,,,,,,,,,,,,,,,,,,,,,,,
4,Food Service,2005-2014,2015,pump_fan_eff_,0,0.00,,,,,,,,,,,,,,,,,,,,,,,,,,,,
5,Hangar,1959-pre,2015,air_temp_reset_enabled,0.268663553,-300.99,,,,,,,,,,,,,,,,,,,,,,,,,,,,
5,Hangar,1959-pre,2015,baseline,0.268663553,0.00,,,,,,,,,,,,,,,,,,,,,,,,,,,,
5,Hangar,1959-pre,2015,boiler_eff_upgrade,0.268663553,29.06,,,,,,,,,,,,,,,,,,,,,,,,,,,,
5,Hangar,1959-pre,2015,boiler_reset,0.268663553,1179.30,,,,,,,,,,,,,,,,,,,,,,,,,,,,
5,Hangar,1959-pre,2015,cooling_cop_3_0,0.268663553,34.86,,,,,,,,,,,,,,,,,,,,,,,,,,,,
5,Hangar,1959-pre,2015,dcv_enabled,0.268663553,639.65,,,,,,,,,,,,,,,,,,,,,,,,,,,,
5,Hangar,1959-pre,2015,ecm_cold_deck_reset_control,0.268663553,13.88,,,,,,,,,,,,,,,,,,,,,,,,,,,,
5,Hangar,1959-pre,2015,economizers_enabled,0.268663553,29.69,,,,,,,,,,,,,,,,,,,,,,,,,,,,
5,Hangar,1959-pre,2015,elec_reduce,0.268663553,1399.29,,,,,,,,,,,,,,,,,,,,,,,,,,,,
5,Hangar,1959-pre,2015,envelope_ecm_roof,0.268663553,384.86,,,,,,,,,,,,,,,,,,,,,,,,,,,,
5,Hangar,1959-pre,2015,envelope_ecm_wall,0.268663553,265.70,,,,,,,,,,,,,,,,,,,,,,,,,,,,
5,Hangar,1959-pre,2015,envelope_ecm_windows,0.268663553,96.51,,,,,,,,,,,,,,,,,,,,,,,,,,,,
5,Hangar,1959-pre,2015,exhaust_fans_occ_control,0.268663553,68.90,,,,,,,,,,,,,,,,,,,,,,,,,,,,
5,Hangar,1959-pre,2015,fans_to_variable,0.268663553,32.17,,,,,,,,,,,,,,,,,,,,,,,,,,,,
5,Hangar,1959-pre,2015,hrv_enabled,0.268663553,465.70,,,,,,,,,,,,,,,,,,,,,,,,,,,,
5,Hangar,1959-pre,2015,infil_reduce,0.268663553,2161.62,,,,,,,,,,,,,,,,,,,,,,,,,,,,
5,Hangar,1959-pre,2015,infil_reduce_plus_setback,0.268663553,2602.64,,,,,,,,,,,,,,,,,,,,,,,,,,,,
5,Hangar,1959-pre,2015,lights_reduce_70p,0.268663553,659.05,,,,,,,,,,,,,,,,,,,,,,,,,,,,
5,Hangar,1959-pre,2015,load_reduce,0.268663553,3188.29,,,,,,,,,,,,,,,,,,,,,,,,,,,,
5,Hangar,1959-pre,2015,occupancy_setback,0.268663553,686.57,,,,,,,,,,,,,,,,,,,,,,,,,,,,
5,Hangar,1959-pre,2015,payback_less_than_20,0.268663553,4220.55,,,,,,,,,,,,,,,,,,,,,,,,,,,,
5,Hangar,1959-pre,2015,plug_loads_90_percent,0.268663553,27.68,,,,,,,,,,,,,,,,,,,,,,,,,,,,
5,Hangar,1959-pre,2015,pumps_to_variable,0.268663553,29.65,,,,,,,,,,,,,,,,,,,,,,,,,,,,
5,Hangar,1959-pre,2015,pump_fan_eff_,0.268663553,120.55,,,,,,,,,,,,,,,,,,,,,,,,,,,,
6,Hangar,1960-1979,2015,air_temp_reset_enabled,0.026924257,-26.76,,,,,,,,,,,,,,,,,,,,,,,,,,,,
6,Hangar,1960-1979,2015,baseline,0.026924257,0.00,,,,,,,,,,,,,,,,,,,,,,,,,,,,
6,Hangar,1960-1979,2015,boiler_eff_upgrade,0.026924257,4.17,,,,,,,,,,,,,,,,,,,,,,,,,,,,
6,Hangar,1960-1979,2015,boiler_reset,0.026924257,113.83,,,,,,,,,,,,,,,,,,,,,,,,,,,,
6,Hangar,1960-1979,2015,cooling_cop_3_0,0.026924257,4.66,,,,,,,,,,,,,,,,,,,,,,,,,,,,
6,Hangar,1960-1979,2015,dcv_enabled,0.026924257,65.22,,,,,,,,,,,,,,,,,,,,,,,,,,,,
6,Hangar,1960-1979,2015,ecm_cold_deck_reset_control,0.026924257,3.38,,,,,,,,,,,,,,,,,,,,,,,,,,,,
6,Hangar,1960-1979,2015,economizers_enabled,0.026924257,4.24,,,,,,,,,,,,,,,,,,,,,,,,,,,,
6,Hangar,1960-1979,2015,elec_reduce,0.026924257,141.07,,,,,,,,,,,,,,,,,,,,,,,,,,,,
6,Hangar,1960-1979,2015,envelope_ecm_roof,0.026924257,48.49,,,,,,,,,,,,,,,,,,,,,,,,,,,,
6,Hangar,1960-1979,2015,envelope_ecm_wall,0.026924257,17.71,,,,,,,,,,,,,,,,,,,,,,,,,,,,
6,Hangar,1960-1979,2015,envelope_ecm_windows,0.026924257,10.85,,,,,,,,,,,,,,,,,,,,,,,,,,,,
6,Hangar,1960-1979,2015,exhaust_fans_occ_control,0.026924257,8.17,,,,,,,,,,,,,,,,,,,,,,,,,,,,
6,Hangar,1960-1979,2015,fans_to_variable,0.026924257,4.46,,,,,,,,,,,,,,,,,,,,,,,,,,,,
6,Hangar,1960-1979,2015,hrv_enabled,0.026924257,47.69,,,,,,,,,,,,,,,,,,,,,,,,,,,,
6,Hangar,1960-1979,2015,infil_reduce,0.026924257,197.01,,,,,,,,,,,,,,,,,,,,,,,,,,,,
6,Hangar,1960-1979,2015,infil_reduce_plus_setback,0.026924257,243.88,,,,,,,,,,,,,,,,,,,,,,,,,,,,
6,Hangar,1960-1979,2015,lights_reduce_70p,0.026924257,67.55,,,,,,,,,,,,,,,,,,,,,,,,,,,,
6,Hangar,1960-1979,2015,load_reduce,0.026924257,300.57,,,,,,,,,,,,,,,,,,,,,,,,,,,,
6,Hangar,1960-1979,2015,occupancy_setback,0.026924257,70.54,,,,,,,,,,,,,,,,,,,,,,,,,,,,
6,Hangar,1960-1979,2015,payback_less_than_20,0.026924257,405.00,,,,,,,,,,,,,,,,,,,,,,,,,,,,
6,Hangar,1960-1979,2015,plug_loads_90_percent,0.026924257,3.98,,,,,,,,,,,,,,,,,,,,,,,,,,,,
6,Hangar,1960-1979,2015,pumps_to_variable,0.026924257,4.23,,,,,,,,,,,,,,,,,,,,,,,,,,,,
6,Hangar,1960-1979,2015,pump_fan_eff_,0.026924257,12.81,,,,,,,,,,,,,,,,,,,,,,,,,,,,
7,Hangar,1980-2004,2015,air_temp_reset_enabled,0.031409473,-21.49,,,,,,,,,,,,,,,,,,,,,,,,,,,,
7,Hangar,1980-2004,2015,baseline,0.031409473,0.00,,,,,,,,,,,,,,,,,,,,,,,,,,,,
7,Hangar,1980-2004,2015,boiler_eff_upgrade,0.031409473,1.24,,,,,,,,,,,,,,,,,,,,,,,,,,,,
7,Hangar,1980-2004,2015,boiler_reset,0.031409473,86.26,,,,,,,,,,,,,,,,,,,,,,,,,,,,
7,Hangar,1980-2004,2015,cooling_cop_3_0,0.031409473,1.48,,,,,,,,,,,,,,,,,,,,,,,,,,,,
7,Hangar,1980-2004,2015,dcv_enabled,0.031409473,71.13,,,,,,,,,,,,,,,,,,,,,,,,,,,,
7,Hangar,1980-2004,2015,ecm_cold_deck_reset_control,0.031409473,3.40,,,,,,,,,,,,,,,,,,,,,,,,,,,,
7,Hangar,1980-2004,2015,economizers_enabled,0.031409473,1.32,,,,,,,,,,,,,,,,,,,,,,,,,,,,
7,Hangar,1980-2004,2015,elec_reduce,0.031409473,157.62,,,,,,,,,,,,,,,,,,,,,,,,,,,,
7,Hangar,1980-2004,2015,envelope_ecm_roof,0.031409473,24.68,,,,,,,,,,,,,,,,,,,,,,,,,,,,
7,Hangar,1980-2004,2015,envelope_ecm_wall,0.031409473,9.24,,,,,,,,,,,,,,,,,,,,,,,,,,,,
7,Hangar,1980-2004,2015,envelope_ecm_windows,0.031409473,6.77,,,,,,,,,,,,,,,,,,,,,,,,,,,,
7,Hangar,1980-2004,2015,exhaust_fans_occ_control,0.031409473,5.90,,,,,,,,,,,,,,,,,,,,,,,,,,,,
7,Hangar,1980-2004,2015,fans_to_variable,0.031409473,1.46,,,,,,,,,,,,,,,,,,,,,,,,,,,,
7,Hangar,1980-2004,2015,hrv_enabled,0.031409473,50.40,,,,,,,,,,,,,,,,,,,,,,,,,,,,
7,Hangar,1980-2004,2015,infil_reduce,0.031409473,73.53,,,,,,,,,,,,,,,,,,,,,,,,,,,,
7,Hangar,1980-2004,2015,infil_reduce_plus_setback,0.031409473,121.18,,,,,,,,,,,,,,,,,,,,,,,,,,,,
7,Hangar,1980-2004,2015,lights_reduce_70p,0.031409473,76.61,,,,,,,,,,,,,,,,,,,,,,,,,,,,
7,Hangar,1980-2004,2015,load_reduce,0.031409473,176.30,,,,,,,,,,,,,,,,,,,,,,,,,,,,
7,Hangar,1980-2004,2015,occupancy_setback,0.031409473,54.69,,,,,,,,,,,,,,,,,,,,,,,,,,,,
7,Hangar,1980-2004,2015,payback_less_than_20,0.031409473,299.72,,,,,,,,,,,,,,,,,,,,,,,,,,,,
7,Hangar,1980-2004,2015,plug_loads_90_percent,0.031409473,1.18,,,,,,,,,,,,,,,,,,,,,,,,,,,,
7,Hangar,1980-2004,2015,pumps_to_variable,0.031409473,1.31,,,,,,,,,,,,,,,,,,,,,,,,,,,,
7,Hangar,1980-2004,2015,pump_fan_eff_,0.031409473,7.59,,,,,,,,,,,,,,,,,,,,,,,,,,,,
10,Maintenance Shop-Small,1959-pre,2015,air_temp_reset_enabled,0.006758071,-14.19,,,,,,,,,,,,,,,,,,,,,,,,,,,,
10,Maintenance Shop-Small,1959-pre,2015,baseline,0.006758071,0.00,,,,,,,,,,,,,,,,,,,,,,,,,,,,
10,Maintenance Shop-Small,1959-pre,2015,boiler_eff_upgrade,0.006758071,0.72,,,,,,,,,,,,,,,,,,,,,,,,,,,,
10,Maintenance Shop-Small,1959-pre,2015,boiler_reset,0.006758071,68.54,,,,,,,,,,,,,,,,,,,,,,,,,,,,
10,Maintenance Shop-Small,1959-pre,2015,cooling_cop_3_0,0.006758071,1.12,,,,,,,,,,,,,,,,,,,,,,,,,,,,
10,Maintenance Shop-Small,1959-pre,2015,dcv_enabled,0.006758071,0.72,,,,,,,,,,,,,,,,,,,,,,,,,,,,
10,Maintenance Shop-Small,1959-pre,2015,ecm_cold_deck_reset_control,0.006758071,-4.16,,,,,,,,,,,,,,,,,,,,,,,,,,,,
10,Maintenance Shop-Small,1959-pre,2015,economizers_enabled,0.006758071,0.88,,,,,,,,,,,,,,,,,,,,,,,,,,,,
10,Maintenance Shop-Small,1959-pre,2015,elec_reduce,0.006758071,24.51,,,,,,,,,,,,,,,,,,,,,,,,,,,,
10,Maintenance Shop-Small,1959-pre,2015,envelope_ecm_roof,0.006758071,17.56,,,,,,,,,,,,,,,,,,,,,,,,,,,,
10,Maintenance Shop-Small,1959-pre,2015,envelope_ecm_wall,0.006758071,32.82,,,,,,,,,,,,,,,,,,,,,,,,,,,,
10,Maintenance Shop-Small,1959-pre,2015,envelope_ecm_windows,0.006758071,1.10,,,,,,,,,,,,,,,,,,,,,,,,,,,,
10,Maintenance Shop-Small,1959-pre,2015,exhaust_fans_occ_control,0.006758071,0.72,,,,,,,,,,,,,,,,,,,,,,,,,,,,
10,Maintenance Shop-Small,1959-pre,2015,fans_to_variable,0.006758071,0.80,,,,,,,,,,,,,,,,,,,,,,,,,,,,
10,Maintenance Shop-Small,1959-pre,2015,hrv_enabled,0.006758071,1.17,,,,,,,,,,,,,,,,,,,,,,,,,,,,
10,Maintenance Shop-Small,1959-pre,2015,infil_reduce,0.006758071,112.73,,,,,,,,,,,,,,,,,,,,,,,,,,,,
10,Maintenance Shop-Small,1959-pre,2015,infil_reduce_plus_setback,0.006758071,124.34,,,,,,,,,,,,,,,,,,,,,,,,,,,,
10,Maintenance Shop-Small,1959-pre,2015,lights_reduce_70p,0.006758071,14.15,,,,,,,,,,,,,,,,,,,,,,,,,,,,
10,Maintenance Shop-Small,1959-pre,2015,load_reduce,0.006758071,157.63,,,,,,,,,,,,,,,,,,,,,,,,,,,,
10,Maintenance Shop-Small,1959-pre,2015,occupancy_setback,0.006758071,18.65,,,,,,,,,,,,,,,,,,,,,,,,,,,,
10,Maintenance Shop-Small,1959-pre,2015,payback_less_than_20,0.006758071,169.77,,,,,,,,,,,,,,,,,,,,,,,,,,,,
10,Maintenance Shop-Small,1959-pre,2015,plug_loads_90_percent,0.006758071,0.70,,,,,,,,,,,,,,,,,,,,,,,,,,,,
10,Maintenance Shop-Small,1959-pre,2015,pump_fan_eff_,0.006758071,11.01,,,,,,,,,,,,,,,,,,,,,,,,,,,,
11,Maintenance Shop-Small,1960-1979,2015,air_temp_reset_enabled,0.003128416,-5.51,,,,,,,,,,,,,,,,,,,,,,,,,,,,
11,Maintenance Shop-Small,1960-1979,2015,baseline,0.003128416,0.00,,,,,,,,,,,,,,,,,,,,,,,,,,,,
11,Maintenance Shop-Small,1960-1979,2015,boiler_eff_upgrade,0.003128416,0.38,,,,,,,,,,,,,,,,,,,,,,,,,,,,
11,Maintenance Shop-Small,1960-1979,2015,boiler_reset,0.003128416,29.54,,,,,,,,,,,,,,,,,,,,,,,,,,,,
11,Maintenance Shop-Small,1960-1979,2015,cooling_cop_3_0,0.003128416,0.57,,,,,,,,,,,,,,,,,,,,,,,,,,,,
11,Maintenance Shop-Small,1960-1979,2015,dcv_enabled,0.003128416,0.38,,,,,,,,,,,,,,,,,,,,,,,,,,,,
11,Maintenance Shop-Small,1960-1979,2015,ecm_cold_deck_reset_control,0.003128416,-1.61,,,,,,,,,,,,,,,,,,,,,,,,,,,,
11,Maintenance Shop-Small,1960-1979,2015,economizers_enabled,0.003128416,0.47,,,,,,,,,,,,,,,,,,,,,,,,,,,,
11,Maintenance Shop-Small,1960-1979,2015,elec_reduce,0.003128416,11.14,,,,,,,,,,,,,,,,,,,,,,,,,,,,
11,Maintenance Shop-Small,1960-1979,2015,envelope_ecm_roof,0.003128416,12.69,,,,,,,,,,,,,,,,,,,,,,,,,,,,
11,Maintenance Shop-Small,1960-1979,2015,envelope_ecm_wall,0.003128416,6.70,,,,,,,,,,,,,,,,,,,,,,,,,,,,
11,Maintenance Shop-Small,1960-1979,2015,envelope_ecm_windows,0.003128416,0.56,,,,,,,,,,,,,,,,,,,,,,,,,,,,
11,Maintenance Shop-Small,1960-1979,2015,exhaust_fans_occ_control,0.003128416,0.38,,,,,,,,,,,,,,,,,,,,,,,,,,,,
11,Maintenance Shop-Small,1960-1979,2015,fans_to_variable,0.003128416,0.42,,,,,,,,,,,,,,,,,,,,,,,,,,,,
11,Maintenance Shop-Small,1960-1979,2015,hrv_enabled,0.003128416,0.58,,,,,,,,,,,,,,,,,,,,,,,,,,,,
11,Maintenance Shop-Small,1960-1979,2015,infil_reduce,0.003128416,47.09,,,,,,,,,,,,,,,,,,,,,,,,,,,,
11,Maintenance Shop-Small,1960-1979,2015,infil_reduce_plus_setback,0.003128416,52.84,,,,,,,,,,,,,,,,,,,,,,,,,,,,
11,Maintenance Shop-Small,1960-1979,2015,lights_reduce_70p,0.003128416,6.65,,,,,,,,,,,,,,,,,,,,,,,,,,,,
11,Maintenance Shop-Small,1960-1979,2015,load_reduce,0.003128416,67.30,,,,,,,,,,,,,,,,,,,,,,,,,,,,
11,Maintenance Shop-Small,1960-1979,2015,occupancy_setback,0.003128416,8.78,,,,,,,,,,,,,,,,,,,,,,,,,,,,
11,Maintenance Shop-Small,1960-1979,2015,payback_less_than_20,0.003128416,73.06,,,,,,,,,,,,,,,,,,,,,,,,,,,,
11,Maintenance Shop-Small,1960-1979,2015,plug_loads_90_percent,0.003128416,0.37,,,,,,,,,,,,,,,,,,,,,,,,,,,,
11,Maintenance Shop-Small,1960-1979,2015,pump_fan_eff_,0.003128416,4.84,,,,,,,,,,,,,,,,,,,,,,,,,,,,
12,Maintenance Shop-Small,1980-2004,2015,air_temp_reset_enabled,0.021039032,-17.50,,,,,,,,,,,,,,,,,,,,,,,,,,,,
12,Maintenance Shop-Small,1980-2004,2015,baseline,0.021039032,0.00,,,,,,,,,,,,,,,,,,,,,,,,,,,,
12,Maintenance Shop-Small,1980-2004,2015,boiler_eff_upgrade,0.021039032,-0.88,,,,,,,,,,,,,,,,,,,,,,,,,,,,
12,Maintenance Shop-Small,1980-2004,2015,boiler_reset,0.021039032,104.25,,,,,,,,,,,,,,,,,,,,,,,,,,,,
12,Maintenance Shop-Small,1980-2004,2015,cooling_cop_3_0,0.021039032,-0.32,,,,,,,,,,,,,,,,,,,,,,,,,,,,
12,Maintenance Shop-Small,1980-2004,2015,dcv_enabled,0.021039032,-0.88,,,,,,,,,,,,,,,,,,,,,,,,,,,,
12,Maintenance Shop-Small,1980-2004,2015,ecm_cold_deck_reset_control,0.021039032,-7.15,,,,,,,,,,,,,,,,,,,,,,,,,,,,
12,Maintenance Shop-Small,1980-2004,2015,economizers_enabled,0.021039032,0.52,,,,,,,,,,,,,,,,,,,,,,,,,,,,
12,Maintenance Shop-Small,1980-2004,2015,elec_reduce,0.021039032,58.90,,,,,,,,,,,,,,,,,,,,,,,,,,,,
12,Maintenance Shop-Small,1980-2004,2015,envelope_ecm_roof,0.021039032,18.06,,,,,,,,,,,,,,,,,,,,,,,,,,,,
12,Maintenance Shop-Small,1980-2004,2015,envelope_ecm_wall,0.021039032,11.11,,,,,,,,,,,,,,,,,,,,,,,,,,,,
12,Maintenance Shop-Small,1980-2004,2015,envelope_ecm_windows,0.021039032,0.04,,,,,,,,,,,,,,,,,,,,,,,,,,,,
12,Maintenance Shop-Small,1980-2004,2015,exhaust_fans_occ_control,0.021039032,-0.88,,,,,,,,,,,,,,,,,,,,,,,,,,,,
12,Maintenance Shop-Small,1980-2004,2015,fans_to_variable,0.021039032,-0.75,,,,,,,,,,,,,,,,,,,,,,,,,,,,
12,Maintenance Shop-Small,1980-2004,2015,hrv_enabled,0.021039032,0.53,,,,,,,,,,,,,,,,,,,,,,,,,,,,
12,Maintenance Shop-Small,1980-2004,2015,infil_reduce,0.021039032,103.03,,,,,,,,,,,,,,,,,,,,,,,,,,,,
12,Maintenance Shop-Small,1980-2004,2015,infil_reduce_plus_setback,0.021039032,132.39,,,,,,,,,,,,,,,,,,,,,,,,,,,,
12,Maintenance Shop-Small,1980-2004,2015,lights_reduce_70p,0.021039032,41.55,,,,,,,,,,,,,,,,,,,,,,,,,,,,
12,Maintenance Shop-Small,1980-2004,2015,load_reduce,0.021039032,198.56,,,,,,,,,,,,,,,,,,,,,,,,,,,,
12,Maintenance Shop-Small,1980-2004,2015,occupancy_setback,0.021039032,35.60,,,,,,,,,,,,,,,,,,,,,,,,,,,,
12,Maintenance Shop-Small,1980-2004,2015,payback_less_than_20,0.021039032,246.56,,,,,,,,,,,,,,,,,,,,,,,,,,,,
12,Maintenance Shop-Small,1980-2004,2015,plug_loads_90_percent,0.021039032,-0.83,,,,,,,,,,,,,,,,,,,,,,,,,,,,
12,Maintenance Shop-Small,1980-2004,2015,pump_fan_eff_,0.021039032,15.97,,,,,,,,,,,,,,,,,,,,,,,,,,,,
8,Maintenance Shop,1959-pre,2015,air_temp_reset_enabled,0.017210611,-8.18,,,,,,,,,,,,,,,,,,,,,,,,,,,,
8,Maintenance Shop,1959-pre,2015,baseline,0.017210611,0.00,,,,,,,,,,,,,,,,,,,,,,,,,,,,
8,Maintenance Shop,1959-pre,2015,boiler_eff_upgrade,0.017210611,-0.05,,,,,,,,,,,,,,,,,,,,,,,,,,,,
8,Maintenance Shop,1959-pre,2015,boiler_reset,0.017210611,124.76,,,,,,,,,,,,,,,,,,,,,,,,,,,,
8,Maintenance Shop,1959-pre,2015,cooling_cop_3_0,0.017210611,0.31,,,,,,,,,,,,,,,,,,,,,,,,,,,,
8,Maintenance Shop,1959-pre,2015,dcv_enabled,0.017210611,78.93,,,,,,,,,,,,,,,,,,,,,,,,,,,,
8,Maintenance Shop,1959-pre,2015,ecm_cold_deck_reset_control,0.017210611,-0.90,,,,,,,,,,,,,,,,,,,,,,,,,,,,
8,Maintenance Shop,1959-pre,2015,economizers_enabled,0.017210611,0.19,,,,,,,,,,,,,,,,,,,,,,,,,,,,
8,Maintenance Shop,1959-pre,2015,elec_reduce,0.017210611,120.43,,,,,,,,,,,,,,,,,,,,,,,,,,,,
8,Maintenance Shop,1959-pre,2015,envelope_ecm_roof,0.017210611,29.20,,,,,,,,,,,,,,,,,,,,,,,,,,,,
8,Maintenance Shop,1959-pre,2015,envelope_ecm_wall,0.017210611,58.75,,,,,,,,,,,,,,,,,,,,,,,,,,,,
8,Maintenance Shop,1959-pre,2015,envelope_ecm_windows,0.017210611,2.86,,,,,,,,,,,,,,,,,,,,,,,,,,,,
8,Maintenance Shop,1959-pre,2015,exhaust_fans_occ_control,0.017210611,2.90,,,,,,,,,,,,,,,,,,,,,,,,,,,,
8,Maintenance Shop,1959-pre,2015,fans_to_variable,0.017210611,0.43,,,,,,,,,,,,,,,,,,,,,,,,,,,,
8,Maintenance Shop,1959-pre,2015,hrv_enabled,0.017210611,19.88,,,,,,,,,,,,,,,,,,,,,,,,,,,,
8,Maintenance Shop,1959-pre,2015,infil_reduce,0.017210611,184.36,,,,,,,,,,,,,,,,,,,,,,,,,,,,
8,Maintenance Shop,1959-pre,2015,infil_reduce_plus_setback,0.017210611,199.20,,,,,,,,,,,,,,,,,,,,,,,,,,,,
8,Maintenance Shop,1959-pre,2015,lights_reduce_70p,0.017210611,19.20,,,,,,,,,,,,,,,,,,,,,,,,,,,,
8,Maintenance Shop,1959-pre,2015,load_reduce,0.017210611,270.20,,,,,,,,,,,,,,,,,,,,,,,,,,,,
8,Maintenance Shop,1959-pre,2015,occupancy_setback,0.017210611,19.98,,,,,,,,,,,,,,,,,,,,,,,,,,,,
8,Maintenance Shop,1959-pre,2015,payback_less_than_20,0.017210611,349.77,,,,,,,,,,,,,,,,,,,,,,,,,,,,
8,Maintenance Shop,1959-pre,2015,plug_loads_90_percent,0.017210611,-0.19,,,,,,,,,,,,,,,,,,,,,,,,,,,,
8,Maintenance Shop,1959-pre,2015,pump_fan_eff_,0.017210611,18.59,,,,,,,,,,,,,,,,,,,,,,,,,,,,
9,Maintenance Shop,1980-2004,2015,air_temp_reset_enabled,0.047470693,-25.73,,,,,,,,,,,,,,,,,,,,,,,,,,,,
9,Maintenance Shop,1980-2004,2015,baseline,0.047470693,0.00,,,,,,,,,,,,,,,,,,,,,,,,,,,,
9,Maintenance Shop,1980-2004,2015,boiler_eff_upgrade,0.047470693,-3.44,,,,,,,,,,,,,,,,,,,,,,,,,,,,
9,Maintenance Shop,1980-2004,2015,boiler_reset,0.047470693,193.00,,,,,,,,,,,,,,,,,,,,,,,,,,,,
9,Maintenance Shop,1980-2004,2015,cooling_cop_3_0,0.047470693,-2.98,,,,,,,,,,,,,,,,,,,,,,,,,,,,
9,Maintenance Shop,1980-2004,2015,dcv_enabled,0.047470693,177.16,,,,,,,,,,,,,,,,,,,,,,,,,,,,
9,Maintenance Shop,1980-2004,2015,ecm_cold_deck_reset_control,0.047470693,-5.73,,,,,,,,,,,,,,,,,,,,,,,,,,,,
9,Maintenance Shop,1980-2004,2015,economizers_enabled,0.047470693,-2.91,,,,,,,,,,,,,,,,,,,,,,,,,,,,
9,Maintenance Shop,1980-2004,2015,elec_reduce,0.047470693,270.48,,,,,,,,,,,,,,,,,,,,,,,,,,,,
9,Maintenance Shop,1980-2004,2015,envelope_ecm_roof,0.047470693,26.22,,,,,,,,,,,,,,,,,,,,,,,,,,,,
9,Maintenance Shop,1980-2004,2015,envelope_ecm_wall,0.047470693,28.30,,,,,,,,,,,,,,,,,,,,,,,,,,,,
9,Maintenance Shop,1980-2004,2015,envelope_ecm_windows,0.047470693,2.26,,,,,,,,,,,,,,,,,,,,,,,,,,,,
9,Maintenance Shop,1980-2004,2015,exhaust_fans_occ_control,0.047470693,6.00,,,,,,,,,,,,,,,,,,,,,,,,,,,,
9,Maintenance Shop,1980-2004,2015,fans_to_variable,0.047470693,-2.71,,,,,,,,,,,,,,,,,,,,,,,,,,,,
9,Maintenance Shop,1980-2004,2015,hrv_enabled,0.047470693,57.50,,,,,,,,,,,,,,,,,,,,,,,,,,,,
9,Maintenance Shop,1980-2004,2015,infil_reduce,0.047470693,149.38,,,,,,,,,,,,,,,,,,,,,,,,,,,,
9,Maintenance Shop,1980-2004,2015,infil_reduce_plus_setback,0.047470693,186.42,,,,,,,,,,,,,,,,,,,,,,,,,,,,
9,Maintenance Shop,1980-2004,2015,lights_reduce_70p,0.047470693,49.82,,,,,,,,,,,,,,,,,,,,,,,,,,,,
9,Maintenance Shop,1980-2004,2015,load_reduce,0.047470693,328.30,,,,,,,,,,,,,,,,,,,,,,,,,,,,
9,Maintenance Shop,1980-2004,2015,occupancy_setback,0.047470693,38.53,,,,,,,,,,,,,,,,,,,,,,,,,,,,
9,Maintenance Shop,1980-2004,2015,payback_less_than_20,0.047470693,523.72,,,,,,,,,,,,,,,,,,,,,,,,,,,,
9,Maintenance Shop,1980-2004,2015,plug_loads_90_percent,0.047470693,-3.75,,,,,,,,,,,,,,,,,,,,,,,,,,,,
9,Maintenance Shop,1980-2004,2015,pump_fan_eff_,0.047470693,25.48,,,,,,,,,,,,,,,,,,,,,,,,,,,,
16,Office-Small,1960-1979,2015,air_temp_reset_enabled,0.004960528,-4.06,,,,,,,,,,,,,,,,,,,,,,,,,,,,
16,Office-Small,1960-1979,2015,baseline,0.004960528,0.00,,,,,,,,,,,,,,,,,,,,,,,,,,,,
16,Office-Small,1960-1979,2015,boiler_reset,0.004960528,-0.28,,,,,,,,,,,,,,,,,,,,,,,,,,,,
16,Office-Small,1960-1979,2015,cooling_cop_3_0,0.004960528,0.06,,,,,,,,,,,,,,,,,,,,,,,,,,,,
16,Office-Small,1960-1979,2015,dcv_enabled,0.004960528,-0.28,,,,,,,,,,,,,,,,,,,,,,,,,,,,
16,Office-Small,1960-1979,2015,ecm_cold_deck_reset_control,0.004960528,-2.88,,,,,,,,,,,,,,,,,,,,,,,,,,,,
16,Office-Small,1960-1979,2015,economizers_enabled,0.004960528,-0.28,,,,,,,,,,,,,,,,,,,,,,,,,,,,
16,Office-Small,1960-1979,2015,elec_reduce,0.004960528,3.77,,,,,,,,,,,,,,,,,,,,,,,,,,,,
16,Office-Small,1960-1979,2015,envelope_ecm_roof,0.004960528,2.97,,,,,,,,,,,,,,,,,,,,,,,,,,,,
16,Office-Small,1960-1979,2015,envelope_ecm_wall,0.004960528,0.95,,,,,,,,,,,,,,,,,,,,,,,,,,,,
16,Office-Small,1960-1979,2015,envelope_ecm_windows,0.004960528,0.15,,,,,,,,,,,,,,,,,,,,,,,,,,,,
16,Office-Small,1960-1979,2015,exhaust_fans_occ_control,0.004960528,0.57,,,,,,,,,,,,,,,,,,,,,,,,,,,,
16,Office-Small,1960-1979,2015,fans_to_variable,0.004960528,-0.22,,,,,,,,,,,,,,,,,,,,,,,,,,,,
16,Office-Small,1960-1979,2015,hrv_enabled,0.004960528,-0.28,,,,,,,,,,,,,,,,,,,,,,,,,,,,
16,Office-Small,1960-1979,2015,infil_reduce,0.004960528,6.03,,,,,,,,,,,,,,,,,,,,,,,,,,,,
16,Office-Small,1960-1979,2015,infil_reduce_plus_setback,0.004960528,6.68,,,,,,,,,,,,,,,,,,,,,,,,,,,,
16,Office-Small,1960-1979,2015,lights_reduce_70p,0.004960528,2.90,,,,,,,,,,,,,,,,,,,,,,,,,,,,
16,Office-Small,1960-1979,2015,load_reduce,0.004960528,6.68,,,,,,,,,,,,,,,,,,,,,,,,,,,,
16,Office-Small,1960-1979,2015,occupancy_setback,0.004960528,0.53,,,,,,,,,,,,,,,,,,,,,,,,,,,,
16,Office-Small,1960-1979,2015,payback_less_than_20,0.004960528,8.42,,,,,,,,,,,,,,,,,,,,,,,,,,,,
16,Office-Small,1960-1979,2015,plug_loads_90_percent,0.004960528,-0.26,,,,,,,,,,,,,,,,,,,,,,,,,,,,
16,Office-Small,1960-1979,2015,pump_fan_eff_,0.004960528,-0.28,,,,,,,,,,,,,,,,,,,,,,,,,,,,
17,Office-Small,1980-2004,2015,air_temp_reset_enabled,0.01882235,-9.34,,,,,,,,,,,,,,,,,,,,,,,,,,,,
17,Office-Small,1980-2004,2015,baseline,0.01882235,0.00,,,,,,,,,,,,,,,,,,,,,,,,,,,,
17,Office-Small,1980-2004,2015,boiler_reset,0.01882235,-1.39,,,,,,,,,,,,,,,,,,,,,,,,,,,,
17,Office-Small,1980-2004,2015,cooling_cop_3_0,0.01882235,-0.80,,,,,,,,,,,,,,,,,,,,,,,,,,,,
17,Office-Small,1980-2004,2015,dcv_enabled,0.01882235,-1.39,,,,,,,,,,,,,,,,,,,,,,,,,,,,
17,Office-Small,1980-2004,2015,ecm_cold_deck_reset_control,0.01882235,-8.23,,,,,,,,,,,,,,,,,,,,,,,,,,,,
17,Office-Small,1980-2004,2015,economizers_enabled,0.01882235,-1.39,,,,,,,,,,,,,,,,,,,,,,,,,,,,
17,Office-Small,1980-2004,2015,elec_reduce,0.01882235,14.25,,,,,,,,,,,,,,,,,,,,,,,,,,,,
17,Office-Small,1980-2004,2015,envelope_ecm_roof,0.01882235,2.73,,,,,,,,,,,,,,,,,,,,,,,,,,,,
17,Office-Small,1980-2004,2015,envelope_ecm_wall,0.01882235,0.33,,,,,,,,,,,,,,,,,,,,,,,,,,,,
17,Office-Small,1980-2004,2015,envelope_ecm_windows,0.01882235,-0.24,,,,,,,,,,,,,,,,,,,,,,,,,,,,
17,Office-Small,1980-2004,2015,exhaust_fans_occ_control,0.01882235,1.85,,,,,,,,,,,,,,,,,,,,,,,,,,,,
17,Office-Small,1980-2004,2015,fans_to_variable,0.01882235,-1.26,,,,,,,,,,,,,,,,,,,,,,,,,,,,
17,Office-Small,1980-2004,2015,hrv_enabled,0.01882235,-1.39,,,,,,,,,,,,,,,,,,,,,,,,,,,,
17,Office-Small,1980-2004,2015,infil_reduce,0.01882235,9.63,,,,,,,,,,,,,,,,,,,,,,,,,,,,
17,Office-Small,1980-2004,2015,infil_reduce_plus_setback,0.01882235,11.69,,,,,,,,,,,,,,,,,,,,,,,,,,,,
17,Office-Small,1980-2004,2015,lights_reduce_70p,0.01882235,10.92,,,,,,,,,,,,,,,,,,,,,,,,,,,,
17,Office-Small,1980-2004,2015,load_reduce,0.01882235,11.69,,,,,,,,,,,,,,,,,,,,,,,,,,,,
17,Office-Small,1980-2004,2015,occupancy_setback,0.01882235,0.57,,,,,,,,,,,,,,,,,,,,,,,,,,,,
17,Office-Small,1980-2004,2015,payback_less_than_20,0.01882235,20.94,,,,,,,,,,,,,,,,,,,,,,,,,,,,
17,Office-Small,1980-2004,2015,plug_loads_90_percent,0.01882235,-1.27,,,,,,,,,,,,,,,,,,,,,,,,,,,,
17,Office-Small,1980-2004,2015,pump_fan_eff_,0.01882235,-1.38,,,,,,,,,,,,,,,,,,,,,,,,,,,,
18,Office-Small,2005-2014,2015,air_temp_reset_enabled,0.00216483,-0.57,,,,,,,,,,,,,,,,,,,,,,,,,,,,
18,Office-Small,2005-2014,2015,baseline,0.00216483,0.00,,,,,,,,,,,,,,,,,,,,,,,,,,,,
18,Office-Small,2005-2014,2015,boiler_reset,0.00216483,-0.20,,,,,,,,,,,,,,,,,,,,,,,,,,,,
18,Office-Small,2005-2014,2015,cooling_cop_3_0,0.00216483,-0.20,,,,,,,,,,,,,,,,,,,,,,,,,,,,
18,Office-Small,2005-2014,2015,dcv_enabled,0.00216483,-0.20,,,,,,,,,,,,,,,,,,,,,,,,,,,,
18,Office-Small,2005-2014,2015,ecm_cold_deck_reset_control,0.00216483,-0.69,,,,,,,,,,,,,,,,,,,,,,,,,,,,
18,Office-Small,2005-2014,2015,economizers_enabled,0.00216483,-0.20,,,,,,,,,,,,,,,,,,,,,,,,,,,,
18,Office-Small,2005-2014,2015,elec_reduce,0.00216483,1.75,,,,,,,,,,,,,,,,,,,,,,,,,,,,
18,Office-Small,2005-2014,2015,envelope_ecm_roof,0.00216483,0.03,,,,,,,,,,,,,,,,,,,,,,,,,,,,
18,Office-Small,2005-2014,2015,envelope_ecm_wall,0.00216483,-0.11,,,,,,,,,,,,,,,,,,,,,,,,,,,,
18,Office-Small,2005-2014,2015,envelope_ecm_windows,0.00216483,-0.10,,,,,,,,,,,,,,,,,,,,,,,,,,,,
18,Office-Small,2005-2014,2015,exhaust_fans_occ_control,0.00216483,0.17,,,,,,,,,,,,,,,,,,,,,,,,,,,,
18,Office-Small,2005-2014,2015,fans_to_variable,0.00216483,-0.19,,,,,,,,,,,,,,,,,,,,,,,,,,,,
18,Office-Small,2005-2014,2015,hrv_enabled,0.00216483,-0.20,,,,,,,,,,,,,,,,,,,,,,,,,,,,
18,Office-Small,2005-2014,2015,lights_reduce_70p,0.00216483,1.37,,,,,,,,,,,,,,,,,,,,,,,,,,,,
18,Office-Small,2005-2014,2015,load_reduce,0.00216483,0.08,,,,,,,,,,,,,,,,,,,,,,,,,,,,
18,Office-Small,2005-2014,2015,occupancy_setback,0.00216483,0.08,,,,,,,,,,,,,,,,,,,,,,,,,,,,
18,Office-Small,2005-2014,2015,payback_less_than_20,0.00216483,1.29,,,,,,,,,,,,,,,,,,,,,,,,,,,,
18,Office-Small,2005-2014,2015,plug_loads_90_percent,0.00216483,-0.18,,,,,,,,,,,,,,,,,,,,,,,,,,,,
18,Office-Small,2005-2014,2015,pump_fan_eff_,0.00216483,-0.20,,,,,,,,,,,,,,,,,,,,,,,,,,,,
13,Office,1959-pre,2015,air_temp_reset_enabled,0.071352954,419.10,,,,,,,,,,,,,,,,,,,,,,,,,,,,
13,Office,1959-pre,2015,baseline,0.071352954,0.00,,,,,,,,,,,,,,,,,,,,,,,,,,,,
13,Office,1959-pre,2015,boiler_eff_upgrade,0.071352954,12.98,,,,,,,,,,,,,,,,,,,,,,,,,,,,
13,Office,1959-pre,2015,boiler_reset,0.071352954,360.06,,,,,,,,,,,,,,,,,,,,,,,,,,,,
13,Office,1959-pre,2015,cooling_cop_3_0,0.071352954,87.63,,,,,,,,,,,,,,,,,,,,,,,,,,,,
13,Office,1959-pre,2015,dcv_enabled,0.071352954,165.74,,,,,,,,,,,,,,,,,,,,,,,,,,,,
13,Office,1959-pre,2015,ecm_cold_deck_reset_control,0.071352954,475.48,,,,,,,,,,,,,,,,,,,,,,,,,,,,
13,Office,1959-pre,2015,economizers_enabled,0.071352954,14.75,,,,,,,,,,,,,,,,,,,,,,,,,,,,
13,Office,1959-pre,2015,elec_reduce,0.071352954,498.05,,,,,,,,,,,,,,,,,,,,,,,,,,,,
13,Office,1959-pre,2015,envelope_ecm_roof,0.071352954,120.53,,,,,,,,,,,,,,,,,,,,,,,,,,,,
13,Office,1959-pre,2015,envelope_ecm_wall,0.071352954,91.75,,,,,,,,,,,,,,,,,,,,,,,,,,,,
13,Office,1959-pre,2015,envelope_ecm_windows,0.071352954,20.78,,,,,,,,,,,,,,,,,,,,,,,,,,,,
13,Office,1959-pre,2015,exhaust_fans_occ_control,0.071352954,210.13,,,,,,,,,,,,,,,,,,,,,,,,,,,,
13,Office,1959-pre,2015,fans_to_variable,0.071352954,13.53,,,,,,,,,,,,,,,,,,,,,,,,,,,,
13,Office,1959-pre,2015,hrv_enabled,0.071352954,94.09,,,,,,,,,,,,,,,,,,,,,,,,,,,,
13,Office,1959-pre,2015,infil_reduce,0.071352954,585.84,,,,,,,,,,,,,,,,,,,,,,,,,,,,
13,Office,1959-pre,2015,infil_reduce_plus_setback,0.071352954,651.91,,,,,,,,,,,,,,,,,,,,,,,,,,,,
13,Office,1959-pre,2015,lights_reduce_70p,0.071352954,116.48,,,,,,,,,,,,,,,,,,,,,,,,,,,,
13,Office,1959-pre,2015,load_reduce,0.071352954,856.01,,,,,,,,,,,,,,,,,,,,,,,,,,,,
13,Office,1959-pre,2015,occupancy_setback,0.071352954,-3.43,,,,,,,,,,,,,,,,,,,,,,,,,,,,
13,Office,1959-pre,2015,payback_less_than_20,0.071352954,1621.73,,,,,,,,,,,,,,,,,,,,,,,,,,,,
13,Office,1959-pre,2015,plug_loads_90_percent,0.071352954,11.13,,,,,,,,,,,,,,,,,,,,,,,,,,,,
13,Office,1959-pre,2015,pumps_to_variable,0.071352954,108.90,,,,,,,,,,,,,,,,,,,,,,,,,,,,
13,Office,1959-pre,2015,pump_fan_eff_,0.071352954,46.95,,,,,,,,,,,,,,,,,,,,,,,,,,,,
14,Office,1960-1979,2015,air_temp_reset_enabled,0.015037139,83.04,,,,,,,,,,,,,,,,,,,,,,,,,,,,
14,Office,1960-1979,2015,baseline,0.015037139,0.00,,,,,,,,,,,,,,,,,,,,,,,,,,,,
14,Office,1960-1979,2015,boiler_eff_upgrade,0.015037139,3.51,,,,,,,,,,,,,,,,,,,,,,,,,,,,
14,Office,1960-1979,2015,boiler_reset,0.015037139,71.02,,,,,,,,,,,,,,,,,,,,,,,,,,,,
14,Office,1960-1979,2015,cooling_cop_3_0,0.015037139,18.34,,,,,,,,,,,,,,,,,,,,,,,,,,,,
14,Office,1960-1979,2015,dcv_enabled,0.015037139,35.40,,,,,,,,,,,,,,,,,,,,,,,,,,,,
14,Office,1960-1979,2015,ecm_cold_deck_reset_control,0.015037139,94.41,,,,,,,,,,,,,,,,,,,,,,,,,,,,
14,Office,1960-1979,2015,economizers_enabled,0.015037139,3.86,,,,,,,,,,,,,,,,,,,,,,,,,,,,
14,Office,1960-1979,2015,elec_reduce,0.015037139,105.32,,,,,,,,,,,,,,,,,,,,,,,,,,,,
14,Office,1960-1979,2015,envelope_ecm_roof,0.015037139,53.05,,,,,,,,,,,,,,,,,,,,,,,,,,,,
14,Office,1960-1979,2015,envelope_ecm_wall,0.015037139,18.80,,,,,,,,,,,,,,,,,,,,,,,,,,,,
14,Office,1960-1979,2015,envelope_ecm_windows,0.015037139,4.92,,,,,,,,,,,,,,,,,,,,,,,,,,,,
14,Office,1960-1979,2015,exhaust_fans_occ_control,0.015037139,45.06,,,,,,,,,,,,,,,,,,,,,,,,,,,,
14,Office,1960-1979,2015,fans_to_variable,0.015037139,3.62,,,,,,,,,,,,,,,,,,,,,,,,,,,,
14,Office,1960-1979,2015,hrv_enabled,0.015037139,20.31,,,,,,,,,,,,,,,,,,,,,,,,,,,,
14,Office,1960-1979,2015,infil_reduce,0.015037139,74.10,,,,,,,,,,,,,,,,,,,,,,,,,,,,
14,Office,1960-1979,2015,infil_reduce_plus_setback,0.015037139,89.70,,,,,,,,,,,,,,,,,,,,,,,,,,,,
14,Office,1960-1979,2015,lights_reduce_70p,0.015037139,25.93,,,,,,,,,,,,,,,,,,,,,,,,,,,,
14,Office,1960-1979,2015,load_reduce,0.015037139,138.47,,,,,,,,,,,,,,,,,,,,,,,,,,,,
14,Office,1960-1979,2015,occupancy_setback,0.015037139,0.84,,,,,,,,,,,,,,,,,,,,,,,,,,,,
14,Office,1960-1979,2015,payback_less_than_20,0.015037139,303.38,,,,,,,,,,,,,,,,,,,,,,,,,,,,
14,Office,1960-1979,2015,plug_loads_90_percent,0.015037139,3.03,,,,,,,,,,,,,,,,,,,,,,,,,,,,
14,Office,1960-1979,2015,pumps_to_variable,0.015037139,22.48,,,,,,,,,,,,,,,,,,,,,,,,,,,,
14,Office,1960-1979,2015,pump_fan_eff_,0.015037139,10.19,,,,,,,,,,,,,,,,,,,,,,,,,,,,
15,Office,1980-2004,2015,air_temp_reset_enabled,0.076404222,171.12,,,,,,,,,,,,,,,,,,,,,,,,,,,,
15,Office,1980-2004,2015,baseline,0.076404222,0.00,,,,,,,,,,,,,,,,,,,,,,,,,,,,
15,Office,1980-2004,2015,boiler_eff_upgrade,0.076404222,-130.81,,,,,,,,,,,,,,,,,,,,,,,,,,,,
15,Office,1980-2004,2015,boiler_reset,0.076404222,116.03,,,,,,,,,,,,,,,,,,,,,,,,,,,,
15,Office,1980-2004,2015,cooling_cop_3_0,0.076404222,-103.06,,,,,,,,,,,,,,,,,,,,,,,,,,,,
15,Office,1980-2004,2015,dcv_enabled,0.076404222,34.18,,,,,,,,,,,,,,,,,,,,,,,,,,,,
15,Office,1980-2004,2015,ecm_cold_deck_reset_control,0.076404222,226.52,,,,,,,,,,,,,,,,,,,,,,,,,,,,
15,Office,1980-2004,2015,economizers_enabled,0.076404222,-128.54,,,,,,,,,,,,,,,,,,,,,,,,,,,,
15,Office,1980-2004,2015,elec_reduce,0.076404222,499.72,,,,,,,,,,,,,,,,,,,,,,,,,,,,
15,Office,1980-2004,2015,envelope_ecm_roof,0.076404222,-66.35,,,,,,,,,,,,,,,,,,,,,,,,,,,,
15,Office,1980-2004,2015,envelope_ecm_wall,0.076404222,-115.91,,,,,,,,,,,,,,,,,,,,,,,,,,,,
15,Office,1980-2004,2015,envelope_ecm_windows,0.076404222,-127.54,,,,,,,,,,,,,,,,,,,,,,,,,,,,
15,Office,1980-2004,2015,exhaust_fans_occ_control,0.076404222,80.30,,,,,,,,,,,,,,,,,,,,,,,,,,,,
15,Office,1980-2004,2015,fans_to_variable,0.076404222,-130.39,,,,,,,,,,,,,,,,,,,,,,,,,,,,
15,Office,1980-2004,2015,hrv_enabled,0.076404222,-43.34,,,,,,,,,,,,,,,,,,,,,,,,,,,,
15,Office,1980-2004,2015,infil_reduce,0.076404222,9.86,,,,,,,,,,,,,,,,,,,,,,,,,,,,
15,Office,1980-2004,2015,infil_reduce_plus_setback,0.076404222,77.37,,,,,,,,,,,,,,,,,,,,,,,,,,,,
15,Office,1980-2004,2015,lights_reduce_70p,0.076404222,95.33,,,,,,,,,,,,,,,,,,,,,,,,,,,,
15,Office,1980-2004,2015,load_reduce,0.076404222,282.14,,,,,,,,,,,,,,,,,,,,,,,,,,,,
15,Office,1980-2004,2015,occupancy_setback,0.076404222,-59.63,,,,,,,,,,,,,,,,,,,,,,,,,,,,
15,Office,1980-2004,2015,payback_less_than_20,0.076404222,1120.33,,,,,,,,,,,,,,,,,,,,,,,,,,,,
15,Office,1980-2004,2015,plug_loads_90_percent,0.076404222,-128.41,,,,,,,,,,,,,,,,,,,,,,,,,,,,
15,Office,1980-2004,2015,pumps_to_variable,0.076404222,-56.32,,,,,,,,,,,,,,,,,,,,,,,,,,,,
15,Office,1980-2004,2015,pump_fan_eff_,0.076404222,-105.48,,,,,,,,,,,,,,,,,,,,,,,,,,,,
19,Recreation Center,1980-2004,2015,air_temp_reset_enabled,0.06840602,-114.57,,,,,,,,,,,,,,,,,,,,,,,,,,,,
19,Recreation Center,1980-2004,2015,baseline,0.06840602,0.00,,,,,,,,,,,,,,,,,,,,,,,,,,,,
19,Recreation Center,1980-2004,2015,boiler_eff_upgrade,0.06840602,13.82,,,,,,,,,,,,,,,,,,,,,,,,,,,,
19,Recreation Center,1980-2004,2015,boiler_reset,0.06840602,77.58,,,,,,,,,,,,,,,,,,,,,,,,,,,,
19,Recreation Center,1980-2004,2015,cooling_cop_3_0,0.06840602,16.28,,,,,,,,,,,,,,,,,,,,,,,,,,,,
19,Recreation Center,1980-2004,2015,dcv_enabled,0.06840602,234.03,,,,,,,,,,,,,,,,,,,,,,,,,,,,
19,Recreation Center,1980-2004,2015,ecm_cold_deck_reset_control,0.06840602,16.34,,,,,,,,,,,,,,,,,,,,,,,,,,,,
19,Recreation Center,1980-2004,2015,economizers_enabled,0.06840602,14.12,,,,,,,,,,,,,,,,,,,,,,,,,,,,
19,Recreation Center,1980-2004,2015,elec_reduce,0.06840602,396.08,,,,,,,,,,,,,,,,,,,,,,,,,,,,
19,Recreation Center,1980-2004,2015,envelope_ecm_roof,0.06840602,24.41,,,,,,,,,,,,,,,,,,,,,,,,,,,,
19,Recreation Center,1980-2004,2015,envelope_ecm_wall,0.06840602,-41.19,,,,,,,,,,,,,,,,,,,,,,,,,,,,
19,Recreation Center,1980-2004,2015,envelope_ecm_windows,0.06840602,-58.29,,,,,,,,,,,,,,,,,,,,,,,,,,,,
19,Recreation Center,1980-2004,2015,fans_to_variable,0.06840602,15.49,,,,,,,,,,,,,,,,,,,,,,,,,,,,
19,Recreation Center,1980-2004,2015,hrv_enabled,0.06840602,266.47,,,,,,,,,,,,,,,,,,,,,,,,,,,,
19,Recreation Center,1980-2004,2015,infil_reduce,0.06840602,174.61,,,,,,,,,,,,,,,,,,,,,,,,,,,,
19,Recreation Center,1980-2004,2015,infil_reduce_plus_setback,0.06840602,-15.94,,,,,,,,,,,,,,,,,,,,,,,,,,,,
19,Recreation Center,1980-2004,2015,lights_reduce_70p,0.06840602,166.32,,,,,,,,,,,,,,,,,,,,,,,,,,,,
19,Recreation Center,1980-2004,2015,load_reduce,0.06840602,56.09,,,,,,,,,,,,,,,,,,,,,,,,,,,,
19,Recreation Center,1980-2004,2015,occupancy_setback,0.06840602,-206.48,,,,,,,,,,,,,,,,,,,,,,,,,,,,
19,Recreation Center,1980-2004,2015,payback_less_than_20,0.06840602,436.82,,,,,,,,,,,,,,,,,,,,,,,,,,,,
19,Recreation Center,1980-2004,2015,plug_loads_90_percent,0.06840602,13.32,,,,,,,,,,,,,,,,,,,,,,,,,,,,
19,Recreation Center,1980-2004,2015,pumps_to_variable,0.06840602,49.72,,,,,,,,,,,,,,,,,,,,,,,,,,,,
19,Recreation Center,1980-2004,2015,pump_fan_eff_,0.06840602,24.53,,,,,,,,,,,,,,,,,,,,,,,,,,,,
20,Storage Building,1959-pre,2015,baseline,0.001425936,0.00,,,,,,,,,,,,,,,,,,,,,,,,,,,,
20,Storage Building,1959-pre,2015,dcv_enabled,0.001425936,0.23,,,,,,,,,,,,,,,,,,,,,,,,,,,,
20,Storage Building,1959-pre,2015,ecm_cold_deck_reset_control,0.001425936,0.23,,,,,,,,,,,,,,,,,,,,,,,,,,,,
20,Storage Building,1959-pre,2015,elec_reduce,0.001425936,2.15,,,,,,,,,,,,,,,,,,,,,,,,,,,,
20,Storage Building,1959-pre,2015,envelope_ecm_roof,0.001425936,1.83,,,,,,,,,,,,,,,,,,,,,,,,,,,,
20,Storage Building,1959-pre,2015,envelope_ecm_wall,0.001425936,0.96,,,,,,,,,,,,,,,,,,,,,,,,,,,,
20,Storage Building,1959-pre,2015,envelope_ecm_windows,0.001425936,0.23,,,,,,,,,,,,,,,,,,,,,,,,,,,,
20,Storage Building,1959-pre,2015,exhaust_fans_occ_control,0.001425936,0.23,,,,,,,,,,,,,,,,,,,,,,,,,,,,
20,Storage Building,1959-pre,2015,hrv_enabled,0.001425936,0.23,,,,,,,,,,,,,,,,,,,,,,,,,,,,
20,Storage Building,1959-pre,2015,infil_reduce,0.001425936,11.60,,,,,,,,,,,,,,,,,,,,,,,,,,,,
20,Storage Building,1959-pre,2015,infil_reduce_plus_setback,0.001425936,12.91,,,,,,,,,,,,,,,,,,,,,,,,,,,,
20,Storage Building,1959-pre,2015,lights_reduce_70p,0.001425936,2.16,,,,,,,,,,,,,,,,,,,,,,,,,,,,
20,Storage Building,1959-pre,2015,load_reduce,0.001425936,12.91,,,,,,,,,,,,,,,,,,,,,,,,,,,,
20,Storage Building,1959-pre,2015,occupancy_setback,0.001425936,2.31,,,,,,,,,,,,,,,,,,,,,,,,,,,,
20,Storage Building,1959-pre,2015,payback_less_than_20,0.001425936,14.84,,,,,,,,,,,,,,,,,,,,,,,,,,,,
20,Storage Building,1959-pre,2015,plug_loads_90_percent,0.001425936,0.22,,,,,,,,,,,,,,,,,,,,,,,,,,,,
21,Storage Building,1960-1979,2015,baseline,0.003595086,0.00,,,,,,,,,,,,,,,,,,,,,,,,,,,,
21,Storage Building,1960-1979,2015,dcv_enabled,0.003595086,0.78,,,,,,,,,,,,,,,,,,,,,,,,,,,,
21,Storage Building,1960-1979,2015,ecm_cold_deck_reset_control,0.003595086,0.78,,,,,,,,,,,,,,,,,,,,,,,,,,,,
21,Storage Building,1960-1979,2015,elec_reduce,0.003595086,5.66,,,,,,,,,,,,,,,,,,,,,,,,,,,,
21,Storage Building,1960-1979,2015,envelope_ecm_roof,0.003595086,12.40,,,,,,,,,,,,,,,,,,,,,,,,,,,,
21,Storage Building,1960-1979,2015,envelope_ecm_wall,0.003595086,1.43,,,,,,,,,,,,,,,,,,,,,,,,,,,,
21,Storage Building,1960-1979,2015,envelope_ecm_windows,0.003595086,0.78,,,,,,,,,,,,,,,,,,,,,,,,,,,,
21,Storage Building,1960-1979,2015,exhaust_fans_occ_control,0.003595086,0.78,,,,,,,,,,,,,,,,,,,,,,,,,,,,
21,Storage Building,1960-1979,2015,hrv_enabled,0.003595086,0.78,,,,,,,,,,,,,,,,,,,,,,,,,,,,
21,Storage Building,1960-1979,2015,infil_reduce,0.003595086,15.09,,,,,,,,,,,,,,,,,,,,,,,,,,,,
21,Storage Building,1960-1979,2015,infil_reduce_plus_setback,0.003595086,19.17,,,,,,,,,,,,,,,,,,,,,,,,,,,,
21,Storage Building,1960-1979,2015,lights_reduce_70p,0.003595086,5.70,,,,,,,,,,,,,,,,,,,,,,,,,,,,
21,Storage Building,1960-1979,2015,load_reduce,0.003595086,19.17,,,,,,,,,,,,,,,,,,,,,,,,,,,,
21,Storage Building,1960-1979,2015,occupancy_setback,0.003595086,5.83,,,,,,,,,,,,,,,,,,,,,,,,,,,,
21,Storage Building,1960-1979,2015,payback_less_than_20,0.003595086,24.03,,,,,,,,,,,,,,,,,,,,,,,,,,,,
21,Storage Building,1960-1979,2015,plug_loads_90_percent,0.003595086,0.74,,,,,,,,,,,,,,,,,,,,,,,,,,,,
22,Storage Building,1980-2004,2015,baseline,0.043745976,0.00,,,,,,,,,,,,,,,,,,,,,,,,,,,,
22,Storage Building,1980-2004,2015,dcv_enabled,0.043745976,6.04,,,,,,,,,,,,,,,,,,,,,,,,,,,,
22,Storage Building,1980-2004,2015,ecm_cold_deck_reset_control,0.043745976,6.04,,,,,,,,,,,,,,,,,,,,,,,,,,,,
22,Storage Building,1980-2004,2015,elec_reduce,0.043745976,65.97,,,,,,,,,,,,,,,,,,,,,,,,,,,,
22,Storage Building,1980-2004,2015,envelope_ecm_roof,0.043745976,55.38,,,,,,,,,,,,,,,,,,,,,,,,,,,,
22,Storage Building,1980-2004,2015,envelope_ecm_wall,0.043745976,11.50,,,,,,,,,,,,,,,,,,,,,,,,,,,,
22,Storage Building,1980-2004,2015,envelope_ecm_windows,0.043745976,6.04,,,,,,,,,,,,,,,,,,,,,,,,,,,,
22,Storage Building,1980-2004,2015,exhaust_fans_occ_control,0.043745976,6.04,,,,,,,,,,,,,,,,,,,,,,,,,,,,
22,Storage Building,1980-2004,2015,hrv_enabled,0.043745976,6.04,,,,,,,,,,,,,,,,,,,,,,,,,,,,
22,Storage Building,1980-2004,2015,infil_reduce,0.043745976,49.33,,,,,,,,,,,,,,,,,,,,,,,,,,,,
22,Storage Building,1980-2004,2015,infil_reduce_plus_setback,0.043745976,88.08,,,,,,,,,,,,,,,,,,,,,,,,,,,,
22,Storage Building,1980-2004,2015,lights_reduce_70p,0.043745976,66.27,,,,,,,,,,,,,,,,,,,,,,,,,,,,
22,Storage Building,1980-2004,2015,load_reduce,0.043745976,88.08,,,,,,,,,,,,,,,,,,,,,,,,,,,,
22,Storage Building,1980-2004,2015,occupancy_setback,0.043745976,48.09,,,,,,,,,,,,,,,,,,,,,,,,,,,,
22,Storage Building,1980-2004,2015,payback_less_than_20,0.043745976,147.53,,,,,,,,,,,,,,,,,,,,,,,,,,,,
22,Storage Building,1980-2004,2015,plug_loads_90_percent,0.043745976,5.79,,,,,,,,,,,,,,,,,,,,,,,,,,,,
23,Storage Building,2005-2014,2015,baseline,0.00216483,0.00,,,,,,,,,,,,,,,,,,,,,,,,,,,,
23,Storage Building,2005-2014,2015,dcv_enabled,0.00216483,0.24,,,,,,,,,,,,,,,,,,,,,,,,,,,,
23,Storage Building,2005-2014,2015,ecm_cold_deck_reset_control,0.00216483,0.24,,,,,,,,,,,,,,,,,,,,,,,,,,,,
23,Storage Building,2005-2014,2015,elec_reduce,0.00216483,3.26,,,,,,,,,,,,,,,,,,,,,,,,,,,,
23,Storage Building,2005-2014,2015,envelope_ecm_roof,0.00216483,1.87,,,,,,,,,,,,,,,,,,,,,,,,,,,,
23,Storage Building,2005-2014,2015,envelope_ecm_wall,0.00216483,0.33,,,,,,,,,,,,,,,,,,,,,,,,,,,,
23,Storage Building,2005-2014,2015,envelope_ecm_windows,0.00216483,0.24,,,,,,,,,,,,,,,,,,,,,,,,,,,,
23,Storage Building,2005-2014,2015,exhaust_fans_occ_control,0.00216483,0.24,,,,,,,,,,,,,,,,,,,,,,,,,,,,
23,Storage Building,2005-2014,2015,hrv_enabled,0.00216483,0.24,,,,,,,,,,,,,,,,,,,,,,,,,,,,
23,Storage Building,2005-2014,2015,lights_reduce_70p,0.00216483,3.27,,,,,,,,,,,,,,,,,,,,,,,,,,,,
23,Storage Building,2005-2014,2015,load_reduce,0.00216483,-2.17,,,,,,,,,,,,,,,,,,,,,,,,,,,,
23,Storage Building,2005-2014,2015,occupancy_setback,0.00216483,1.70,,,,,,,,,,,,,,,,,,,,,,,,,,,,
23,Storage Building,2005-2014,2015,payback_less_than_20,0.00216483,0.78,,,,,,,,,,,,,,,,,,,,,,,,,,,,
23,Storage Building,2005-2014,2015,plug_loads_90_percent,0.00216483,0.23,,,,,,,,,,,,,,,,,,,,,,,,,,,,
24,Training Building,1959-pre,2015,air_temp_reset_enabled,0.029521188,-88.36,,,,,,,,,,,,,,,,,,,,,,,,,,,,
24,Training Building,1959-pre,2015,baseline,0.029521188,0.00,,,,,,,,,,,,,,,,,,,,,,,,,,,,
24,Training Building,1959-pre,2015,boiler_eff_upgrade,0.029521188,-3.77,,,,,,,,,,,,,,,,,,,,,,,,,,,,
24,Training Building,1959-pre,2015,boiler_reset,0.029521188,195.35,,,,,,,,,,,,,,,,,,,,,,,,,,,,
24,Training Building,1959-pre,2015,cooling_cop_3_0,0.029521188,0.64,,,,,,,,,,,,,,,,,,,,,,,,,,,,
24,Training Building,1959-pre,2015,dcv_enabled,0.029521188,75.66,,,,,,,,,,,,,,,,,,,,,,,,,,,,
24,Training Building,1959-pre,2015,ecm_cold_deck_reset_control,0.029521188,-2.16,,,,,,,,,,,,,,,,,,,,,,,,,,,,
24,Training Building,1959-pre,2015,economizers_enabled,0.029521188,-1.00,,,,,,,,,,,,,,,,,,,,,,,,,,,,
24,Training Building,1959-pre,2015,elec_reduce,0.029521188,124.86,,,,,,,,,,,,,,,,,,,,,,,,,,,,
24,Training Building,1959-pre,2015,envelope_ecm_roof,0.029521188,59.15,,,,,,,,,,,,,,,,,,,,,,,,,,,,
24,Training Building,1959-pre,2015,envelope_ecm_wall,0.029521188,24.13,,,,,,,,,,,,,,,,,,,,,,,,,,,,
24,Training Building,1959-pre,2015,envelope_ecm_windows,0.029521188,6.46,,,,,,,,,,,,,,,,,,,,,,,,,,,,
24,Training Building,1959-pre,2015,exhaust_fans_occ_control,0.029521188,-3.64,,,,,,,,,,,,,,,,,,,,,,,,,,,,
24,Training Building,1959-pre,2015,fans_to_variable,0.029521188,-3.77,,,,,,,,,,,,,,,,,,,,,,,,,,,,
24,Training Building,1959-pre,2015,hrv_enabled,0.029521188,67.03,,,,,,,,,,,,,,,,,,,,,,,,,,,,
24,Training Building,1959-pre,2015,infil_reduce,0.029521188,280.19,,,,,,,,,,,,,,,,,,,,,,,,,,,,
24,Training Building,1959-pre,2015,infil_reduce_plus_setback,0.029521188,307.18,,,,,,,,,,,,,,,,,,,,,,,,,,,,
24,Training Building,1959-pre,2015,lights_reduce_70p,0.029521188,44.47,,,,,,,,,,,,,,,,,,,,,,,,,,,,
24,Training Building,1959-pre,2015,load_reduce,0.029521188,403.15,,,,,,,,,,,,,,,,,,,,,,,,,,,,
24,Training Building,1959-pre,2015,occupancy_setback,0.029521188,54.51,,,,,,,,,,,,,,,,,,,,,,,,,,,,
24,Training Building,1959-pre,2015,payback_less_than_20,0.029521188,475.17,,,,,,,,,,,,,,,,,,,,,,,,,,,,
24,Training Building,1959-pre,2015,plug_loads_90_percent,0.029521188,-3.19,,,,,,,,,,,,,,,,,,,,,,,,,,,,
24,Training Building,1959-pre,2015,pumps_to_variable,0.029521188,-3.77,,,,,,,,,,,,,,,,,,,,,,,,,,,,
24,Training Building,1959-pre,2015,pump_fan_eff_,0.029521188,-2.95,,,,,,,,,,,,,,,,,,,,,,,,,,,,
25,Training Building,1980-2004,2015,air_temp_reset_enabled,0.020874833,-44.11,,,,,,,,,,,,,,,,,,,,,,,,,,,,
25,Training Building,1980-2004,2015,baseline,0.020874833,0.00,,,,,,,,,,,,,,,,,,,,,,,,,,,,
25,Training Building,1980-2004,2015,boiler_eff_upgrade,0.020874833,-10.54,,,,,,,,,,,,,,,,,,,,,,,,,,,,
25,Training Building,1980-2004,2015,boiler_reset,0.020874833,68.81,,,,,,,,,,,,,,,,,,,,,,,,,,,,
25,Training Building,1980-2004,2015,cooling_cop_3_0,0.020874833,-8.65,,,,,,,,,,,,,,,,,,,,,,,,,,,,
25,Training Building,1980-2004,2015,dcv_enabled,0.020874833,45.49,,,,,,,,,,,,,,,,,,,,,,,,,,,,
25,Training Building,1980-2004,2015,ecm_cold_deck_reset_control,0.020874833,-6.04,,,,,,,,,,,,,,,,,,,,,,,,,,,,
25,Training Building,1980-2004,2015,economizers_enabled,0.020874833,-6.28,,,,,,,,,,,,,,,,,,,,,,,,,,,,
25,Training Building,1980-2004,2015,elec_reduce,0.020874833,85.78,,,,,,,,,,,,,,,,,,,,,,,,,,,,
25,Training Building,1980-2004,2015,envelope_ecm_roof,0.020874833,11.89,,,,,,,,,,,,,,,,,,,,,,,,,,,,
25,Training Building,1980-2004,2015,envelope_ecm_wall,0.020874833,-4.10,,,,,,,,,,,,,,,,,,,,,,,,,,,,
25,Training Building,1980-2004,2015,envelope_ecm_windows,0.020874833,-6.13,,,,,,,,,,,,,,,,,,,,,,,,,,,,
25,Training Building,1980-2004,2015,exhaust_fans_occ_control,0.020874833,-10.31,,,,,,,,,,,,,,,,,,,,,,,,,,,,
25,Training Building,1980-2004,2015,fans_to_variable,0.020874833,-6.45,,,,,,,,,,,,,,,,,,,,,,,,,,,,
25,Training Building,1980-2004,2015,hrv_enabled,0.020874833,37.37,,,,,,,,,,,,,,,,,,,,,,,,,,,,
25,Training Building,1980-2004,2015,infil_reduce,0.020874833,42.54,,,,,,,,,,,,,,,,,,,,,,,,,,,,
25,Training Building,1980-2004,2015,infil_reduce_plus_setback,0.020874833,60.59,,,,,,,,,,,,,,,,,,,,,,,,,,,,
25,Training Building,1980-2004,2015,lights_reduce_70p,0.020874833,30.23,,,,,,,,,,,,,,,,,,,,,,,,,,,,
25,Training Building,1980-2004,2015,load_reduce,0.020874833,115.55,,,,,,,,,,,,,,,,,,,,,,,,,,,,
25,Training Building,1980-2004,2015,occupancy_setback,0.020874833,7.53,,,,,,,,,,,,,,,,,,,,,,,,,,,,
25,Training Building,1980-2004,2015,payback_less_than_20,0.020874833,175.86,,,,,,,,,,,,,,,,,,,,,,,,,,,,
25,Training Building,1980-2004,2015,plug_loads_90_percent,0.020874833,-8.82,,,,,,,,,,,,,,,,,,,,,,,,,,,,
25,Training Building,1980-2004,2015,pumps_to_variable,0.020874833,-10.54,,,,,,,,,,,,,,,,,,,,,,,,,,,,
25,Training Building,1980-2004,2015,pump_fan_eff_,0.020874833,-9.99,,,,,,,,,,,,,,,,,,,,,,,,,,,,
26,Training Building,2005-2014,2015,air_temp_reset_enabled,0.008075981,-20.58,,,,,,,,,,,,,,,,,,,,,,,,,,,,
26,Training Building,2005-2014,2015,baseline,0.008075981,0.00,,,,,,,,,,,,,,,,,,,,,,,,,,,,
26,Training Building,2005-2014,2015,boiler_eff_upgrade,0.008075981,-8.57,,,,,,,,,,,,,,,,,,,,,,,,,,,,
26,Training Building,2005-2014,2015,boiler_reset,0.008075981,13.58,,,,,,,,,,,,,,,,,,,,,,,,,,,,
26,Training Building,2005-2014,2015,cooling_cop_3_0,0.008075981,-8.57,,,,,,,,,,,,,,,,,,,,,,,,,,,,
26,Training Building,2005-2014,2015,dcv_enabled,0.008075981,13.60,,,,,,,,,,,,,,,,,,,,,,,,,,,,
26,Training Building,2005-2014,2015,ecm_cold_deck_reset_control,0.008075981,-7.48,,,,,,,,,,,,,,,,,,,,,,,,,,,,
26,Training Building,2005-2014,2015,economizers_enabled,0.008075981,-6.47,,,,,,,,,,,,,,,,,,,,,,,,,,,,
26,Training Building,2005-2014,2015,elec_reduce,0.008075981,30.46,,,,,,,,,,,,,,,,,,,,,,,,,,,,
26,Training Building,2005-2014,2015,envelope_ecm_roof,0.008075981,-3.79,,,,,,,,,,,,,,,,,,,,,,,,,,,,
26,Training Building,2005-2014,2015,envelope_ecm_wall,0.008075981,-7.28,,,,,,,,,,,,,,,,,,,,,,,,,,,,
26,Training Building,2005-2014,2015,envelope_ecm_windows,0.008075981,-6.89,,,,,,,,,,,,,,,,,,,,,,,,,,,,
26,Training Building,2005-2014,2015,exhaust_fans_occ_control,0.008075981,-8.53,,,,,,,,,,,,,,,,,,,,,,,,,,,,
26,Training Building,2005-2014,2015,fans_to_variable,0.008075981,-7.45,,,,,,,,,,,,,,,,,,,,,,,,,,,,
26,Training Building,2005-2014,2015,hrv_enabled,0.008075981,9.44,,,,,,,,,,,,,,,,,,,,,,,,,,,,
26,Training Building,2005-2014,2015,lights_reduce_70p,0.008075981,9.36,,,,,,,,,,,,,,,,,,,,,,,,,,,,
26,Training Building,2005-2014,2015,load_reduce,0.008075981,18.20,,,,,,,,,,,,,,,,,,,,,,,,,,,,
26,Training Building,2005-2014,2015,occupancy_setback,0.008075981,-0.34,,,,,,,,,,,,,,,,,,,,,,,,,,,,
26,Training Building,2005-2014,2015,payback_less_than_20,0.008075981,43.11,,,,,,,,,,,,,,,,,,,,,,,,,,,,
26,Training Building,2005-2014,2015,plug_loads_90_percent,0.008075981,-7.85,,,,,,,,,,,,,,,,,,,,,,,,,,,,
26,Training Building,2005-2014,2015,pumps_to_variable,0.008075981,-8.57,,,,,,,,,,,,,,,,,,,,,,,,,,,,
26,Training Building,2005-2014,2015,pump_fan_eff_,0.008075981,-8.43,,,,,,,,,,,,,,,,,,,,,,,,,,,,
27,Vehicle Garage,1959-pre,2015,air_temp_reset_enabled,0.02256003,-2.25,,,,,,,,,,,,,,,,,,,,,,,,,,,,
27,Vehicle Garage,1959-pre,2015,baseline,0.02256003,0.00,,,,,,,,,,,,,,,,,,,,,,,,,,,,
27,Vehicle Garage,1959-pre,2015,boiler_eff_upgrade,0.02256003,2.59,,,,,,,,,,,,,,,,,,,,,,,,,,,,
27,Vehicle Garage,1959-pre,2015,boiler_reset,0.02256003,38.41,,,,,,,,,,,,,,,,,,,,,,,,,,,,
27,Vehicle Garage,1959-pre,2015,dcv_enabled,0.02256003,15.16,,,,,,,,,,,,,,,,,,,,,,,,,,,,
27,Vehicle Garage,1959-pre,2015,ecm_cold_deck_reset_control,0.02256003,2.59,,,,,,,,,,,,,,,,,,,,,,,,,,,,
27,Vehicle Garage,1959-pre,2015,economizers_enabled,0.02256003,2.98,,,,,,,,,,,,,,,,,,,,,,,,,,,,
27,Vehicle Garage,1959-pre,2015,elec_reduce,0.02256003,29.85,,,,,,,,,,,,,,,,,,,,,,,,,,,,
27,Vehicle Garage,1959-pre,2015,envelope_ecm_roof,0.02256003,5.84,,,,,,,,,,,,,,,,,,,,,,,,,,,,
27,Vehicle Garage,1959-pre,2015,envelope_ecm_wall,0.02256003,11.56,,,,,,,,,,,,,,,,,,,,,,,,,,,,
27,Vehicle Garage,1959-pre,2015,envelope_ecm_windows,0.02256003,2.74,,,,,,,,,,,,,,,,,,,,,,,,,,,,
27,Vehicle Garage,1959-pre,2015,exhaust_fans_occ_control,0.02256003,2.85,,,,,,,,,,,,,,,,,,,,,,,,,,,,
27,Vehicle Garage,1959-pre,2015,fans_to_variable,0.02256003,2.76,,,,,,,,,,,,,,,,,,,,,,,,,,,,
27,Vehicle Garage,1959-pre,2015,hrv_enabled,0.02256003,4.77,,,,,,,,,,,,,,,,,,,,,,,,,,,,
27,Vehicle Garage,1959-pre,2015,infil_reduce,0.02256003,58.09,,,,,,,,,,,,,,,,,,,,,,,,,,,,
27,Vehicle Garage,1959-pre,2015,infil_reduce_plus_setback,0.02256003,78.76,,,,,,,,,,,,,,,,,,,,,,,,,,,,
27,Vehicle Garage,1959-pre,2015,lights_reduce_70p,0.02256003,10.72,,,,,,,,,,,,,,,,,,,,,,,,,,,,
27,Vehicle Garage,1959-pre,2015,load_reduce,0.02256003,98.80,,,,,,,,,,,,,,,,,,,,,,,,,,,,
27,Vehicle Garage,1959-pre,2015,occupancy_setback,0.02256003,8.40,,,,,,,,,,,,,,,,,,,,,,,,,,,,
27,Vehicle Garage,1959-pre,2015,payback_less_than_20,0.02256003,102.78,,,,,,,,,,,,,,,,,,,,,,,,,,,,
27,Vehicle Garage,1959-pre,2015,plug_loads_90_percent,0.02256003,2.45,,,,,,,,,,,,,,,,,,,,,,,,,,,,
27,Vehicle Garage,1959-pre,2015,pump_fan_eff_,0.02256003,9.00,,,,,,,,,,,,,,,,,,,,,,,,,,,,
28,Vehicle Garage,1980-2004,2015,air_temp_reset_enabled,0.051035532,-7.40,,,,,,,,,,,,,,,,,,,,,,,,,,,,
28,Vehicle Garage,1980-2004,2015,baseline,0.051035532,0.00,,,,,,,,,,,,,,,,,,,,,,,,,,,,
28,Vehicle Garage,1980-2004,2015,boiler_eff_upgrade,0.051035532,1.89,,,,,,,,,,,,,,,,,,,,,,,,,,,,
28,Vehicle Garage,1980-2004,2015,boiler_reset,0.051035532,57.57,,,,,,,,,,,,,,,,,,,,,,,,,,,,
28,Vehicle Garage,1980-2004,2015,dcv_enabled,0.051035532,29.94,,,,,,,,,,,,,,,,,,,,,,,,,,,,
28,Vehicle Garage,1980-2004,2015,ecm_cold_deck_reset_control,0.051035532,1.89,,,,,,,,,,,,,,,,,,,,,,,,,,,,
28,Vehicle Garage,1980-2004,2015,economizers_enabled,0.051035532,2.86,,,,,,,,,,,,,,,,,,,,,,,,,,,,
28,Vehicle Garage,1980-2004,2015,elec_reduce,0.051035532,59.16,,,,,,,,,,,,,,,,,,,,,,,,,,,,
28,Vehicle Garage,1980-2004,2015,envelope_ecm_roof,0.051035532,8.52,,,,,,,,,,,,,,,,,,,,,,,,,,,,
28,Vehicle Garage,1980-2004,2015,envelope_ecm_wall,0.051035532,13.94,,,,,,,,,,,,,,,,,,,,,,,,,,,,
28,Vehicle Garage,1980-2004,2015,envelope_ecm_windows,0.051035532,2.14,,,,,,,,,,,,,,,,,,,,,,,,,,,,
28,Vehicle Garage,1980-2004,2015,exhaust_fans_occ_control,0.051035532,2.47,,,,,,,,,,,,,,,,,,,,,,,,,,,,
28,Vehicle Garage,1980-2004,2015,fans_to_variable,0.051035532,2.16,,,,,,,,,,,,,,,,,,,,,,,,,,,,
28,Vehicle Garage,1980-2004,2015,hrv_enabled,0.051035532,6.49,,,,,,,,,,,,,,,,,,,,,,,,,,,,
28,Vehicle Garage,1980-2004,2015,infil_reduce,0.051035532,42.47,,,,,,,,,,,,,,,,,,,,,,,,,,,,
28,Vehicle Garage,1980-2004,2015,infil_reduce_plus_setback,0.051035532,85.34,,,,,,,,,,,,,,,,,,,,,,,,,,,,
28,Vehicle Garage,1980-2004,2015,lights_reduce_70p,0.051035532,20.49,,,,,,,,,,,,,,,,,,,,,,,,,,,,
28,Vehicle Garage,1980-2004,2015,load_reduce,0.051035532,126.06,,,,,,,,,,,,,,,,,,,,,,,,,,,,
28,Vehicle Garage,1980-2004,2015,occupancy_setback,0.051035532,11.83,,,,,,,,,,,,,,,,,,,,,,,,,,,,
28,Vehicle Garage,1980-2004,2015,payback_less_than_20,0.051035532,137.91,,,,,,,,,,,,,,,,,,,,,,,,,,,,
28,Vehicle Garage,1980-2004,2015,plug_loads_90_percent,0.051035532,1.66,,,,,,,,,,,,,,,,,,,,,,,,,,,,
28,Vehicle Garage,1980-2004,2015,pump_fan_eff_,0.051035532,11.97,,,,,,,,,,,,,,,,,,,,,,,,,,,,
